{"cameraMode":{"drawMode":0,"name":"Shaded","section":"Shading Mode"},"sceneLighting":true,"audioPlay":false,"sceneViewState":{"m_AlwaysRefresh":false,"showFog":true,"showSkybox":true,"showFlares":true,"showImageEffects":true,"showParticleSystems":true,"showVisualEffectGraphs":true,"m_FxEnabled":true},"in2DMode":false,"pivot":{"x":-10.943100929260254,"y":8.819413185119629,"z":-26.25578498840332},"rotation":{"x":0.059595610946416858,"y":0.2782895863056183,"z":-0.020001215860247613,"w":0.9585613012313843},"size":0.5049751400947571,"orthographic":false}